[
  {"id": "200", "name": "Bagalkot"},
  {"id": "201", "name": "Belagavi"},
  {"id": "202", "name": "Bellary"},
  {"id": "203", "name": "Bidar"},
  {"id": "205", "name": "Chamrajnagar"},
  {"id": "206", "name": "Chikkaballapur"},
  {"id": "207", "name": "Chickmagalur"},
  {"id": "208", "name": "Chitradurga"},
  {"id": "209", "name": "Dakshina Kannada"},
  {"id": "210", "name": "Davangare"},
  {"id": "211", "name": "Dharward"},
  {"id": "212", "name": "Gadag"},
  {"id": "213", "name": "Hassan"},
  {"id": "214", "name": "Haveri"},
  {"id": "215", "name": "Kalaburgi"},
  {"id": "216", "name": "Kodagu"},
  {"id": "217", "name": "Kolar"},
  {"id": "218", "name": "Koppal"},
  {"id": "219", "name": "Mandya"},
  {"id": "220", "name": "Mysuru"},
  {"id": "221", "name": "Raichur"},
  {"id": "222", "name": "Ramanagar"},
  {"id": "223", "name": "Shimoga"},
  {"id": "224", "name": "Tumkur"},
  {"id": "225", "name": "Udupi"},
  {"id": "226", "name": "Uttara Kannada"},
  {"id": "227", "name": "Vijayanagara"},
  {"id": "228", "name": "Vijayapura"},
  {"id": "229", "name": "Yadgir"}
]